{
  "mouseover": [
    {
      "selector": ".live2d",
      "text": [
        "What r u doing? Get ur hands off~",
        "Hey, ur mouse is in the wrong place.",
        "What are you doing?",
        "Meowwww?",
        "Affffraid (ノ≧∇≦)ノ",
        "Indecent assaults! Help!",
        "In this case, I can only use force!",
        "Im gonna angry",
        "Don't touch anything!",
        "It's... It's shameless!",
        "Uh~~huh~uh~~~",
        "Hentai！"
      ]
    },
    {
      "selector": ".fa-comment",
      "text": [
        "Guess what Im gonna say?",
        "I've heard a lot about life from the Frog Prince."
      ]
    },
    {
      "selector": ".fa-user-circle",
      "text": [
        "Don't you love me anymore? TAT...",
        "Would you like to meet my sister?",
        "Would you like to meet my little sister?",
        "Want to change model?"
      ]
    },
    {
      "selector": ".fa-street-view",
      "text": [
        "Do you like dressing up?",
        "So, what are we cosplaying this time?",
        "CROSS-DRESSING!",
        "Let's see what happens next!"
      ]
    },
    {
      "selector": ".fa-camera-retro",
      "text": [
        "Do u want to take photos for me? One, two, three, Cheese!",
        "Why don't we take a photo together!",
        "Just keep smiling~~"
      ]
    },
    {
      "selector": ".fa-inbox",
      "text": [
        "I heard this is a Pandora's box!",
        "It's got a lot of good stuff in it~"
      ]
    },
    {
      "selector": ".fa-info-circle",
      "text": [
        "Want to know more about me?",
        "I have my information right here.",
        "What do you want to know about me?"
      ]
    },
    {
      "selector": ".fa-eye-slash",
      "text": [
        "This button says \"DO NOT click\".",
        "Is it time to say good-bye?",
        "See you around...QAQ",
        "Dont leave me alone...",
        "Can we, uh, meet again...",
        "Humph, you'll be sorry!"
      ]
    }
  ],
  "click": [
    {
      "selector": ".live2d",
      "text": [
        "It was... it was an accident... right?",
        "What does \"Lolicon\" mean?",
        "Have you seen my toy bear?",
        "Touch me again and I'll call the police! ⌇●﹏●⌇",
        "Is that 911? There's a pervert touching me all the time!",
        "Stop touching me, or I'll tell ur wife to hit you!",
        "Why are you touching me! I'll bite you!",
        "Don't touch me, there's nothing interesting!"
      ]
    }
  ]
}
