{
  "mouseover": [
    {
      "selector": ".live2d",
      "text": [
        "干嘛呢你，快把手拿开～～",
        "鼠…鼠标放错地方了！",
        "你要干嘛呀？",
        "喵喵喵？",
        "怕怕(ノ≧∇≦)ノ",
        "非礼呀！救命！",
        "这样的话，只能使用武力了！",
        "我要生气了哦",
        "不要动手动脚的！",
        "真…真的是不知羞耻！",
        "嗯~啊~嗯~~",
        "Hentai！"
      ]
    },
    {
      "selector": ".fa-comment",
      "text": ["猜猜我要说些什么？", "我从青蛙王子那里听到了不少人生经验。"]
    },
    {
      "selector": ".fa-user-circle",
      "text": [
        "你是不是不爱人家了呀，呜呜呜～",
        "要见见我的姐姐嘛？",
        "想要看我妹妹嘛？",
        "要切换看板娘吗？"
      ]
    },
    {
      "selector": ".fa-street-view",
      "text": [
        "喜欢换装 PLAY 吗？",
        "这次要扮演什么呢？",
        "变装！",
        "让我们看看接下来会发生什么！"
      ]
    },
    {
      "selector": ".fa-camera-retro",
      "text": [
        "你要给我拍照呀？一二三～茄子～",
        "要不，我们来合影吧！",
        "保持微笑就好了～"
      ]
    },
    {
      "selector": ".fa-inbox",
      "text": ["听说这是一个潘多拉的盒子！", "里面藏了很多好东西哦~"]
    },
    {
      "selector": ".fa-info-circle",
      "text": [
        "想要知道更多关于我的事么？",
        "这里记录了我的信息呢。",
        "你想深入了解我什么呢？"
      ]
    },
    {
      "selector": ".fa-eye-slash",
      "text": [
        "这个按钮上写着“不要点击”。",
        "到了要说再见的时候了吗？",
        "呜呜 QAQ 后会有期……",
        "不要抛弃我呀……",
        "我们，还能再见面吗……",
        "哼，你会后悔的！"
      ]
    },
    {
      "selector": ".fa-square-o",
      "text": ["我可以变大变小哦~", "这是魔法嘛？"]
    },
    {
      "selector": ".fa-arrows",
      "text": ["拖动它试试~", "芜湖~~起飞！"]
    }
  ],
  "click": [
    {
      "selector": ".live2d",
      "text": [
        "是…是不小心碰到了吧…",
        "萝莉控是什么呀？",
        "你看到我的小熊了吗？",
        "再摸的话我可要报警了！⌇●﹏●⌇",
        "110 吗，这里有个变态一直在摸我(ó﹏ò。)",
        "不要摸我了，我会告诉老婆来打你的！",
        "干嘛动我呀！小心我咬你！",
        "别摸我，有什么好摸的！"
      ]
    }
  ]
}
